symbol,date,open,high,low,close,adjusted_close,volume
AAB,2025-06-26,0.035,0.04,0.035,0.04,0.04,23700
AAPL,2025-06-26,29.19,29.33,28.89,29.17,29.17,230686
AAUC,2025-06-26,18.5,18.6,18.26,18.59,18.59,114134
AAV,2025-06-26,11.53,11.64,11.45,11.6,11.6,381999
ABRA,2025-06-26,4.62,4.95,4.6,4.92,4.92,224226
ABX,2025-06-26,28.71,28.94,28.62,28.89,28.89,2816754
AC,2025-06-26,19.87,20.5,19.81,20.49,20.49,3707671
ACB,2025-06-26,5.37,5.88,5.35,5.79,5.79,970671
ACD,2025-06-26,3.43,3.49,3.43,3.49,3.49,306
ACO-X,2025-06-26,50.97,51.08,50.47,50.52,50.52,141972
ACO-Y,2025-06-26,53.0,53.0,53.0,53.0,53.0,0
ACQ,2025-06-26,22.05,22.34,21.72,21.86,21.86,17812
ACX,2025-06-26,4.63,4.75,4.62,4.65,4.65,9414
AD-UN,2025-06-26,19.28,19.39,19.22,19.39,19.39,57354
ADCO,2025-06-26,0.26,0.26,0.26,0.26,0.26,1000
ADEN,2025-06-26,27.63,27.77,27.4,27.72,27.72,25023
ADN,2025-06-26,17.88,18.08,17.8,17.9,17.9,7423
ADW-A,2025-06-26,5.4,5.4,5.25,5.28,5.28,19629
ADW-B,2025-06-26,6.4,6.4,6.4,6.4,6.4,0
AEG,2025-06-26,0.38,0.38,0.38,0.38,0.38,0
AEM,2025-06-26,164.99,168.07,164.1,167.9,167.9,2448422
AFN,2025-06-26,41.99,42.08,41.39,41.89,41.89,55059
AG,2025-06-26,11.31,11.44,11.0,11.42,11.42,958502
AGF-B,2025-06-26,12.8,13.45,12.8,13.4,13.4,102124
AGI,2025-06-26,35.87,36.06,35.34,35.68,35.68,1227720
AI,2025-06-26,11.54,11.56,11.52,11.55,11.55,90774
AIDX,2025-06-26,1.32,1.34,1.28,1.29,1.29,310063
AIF,2025-06-26,53.47,53.59,52.78,53.15,53.15,175425
AII,2025-06-26,3.84,4.13,3.81,3.87,3.87,1000611
AIM,2025-06-26,2.8,2.81,2.66,2.68,2.68,95485
AKT-A,2025-06-26,2.37,2.38,2.27,2.33,2.33,4453
ALA,2025-06-26,38.3,38.5,38.03,38.38,38.38,585052
ALC,2025-06-26,16.03,16.12,16.03,16.12,16.12,2636
ALS,2025-06-26,26.85,27.22,26.85,27.0,27.0,34061
ALYA,2025-06-26,2.49,2.5,2.42,2.5,2.5,70851
AMC,2025-06-26,1.33,1.46,1.3,1.41,1.41,431311
AMD,2025-06-26,27.25,27.61,26.5,26.78,26.78,516190
AMM,2025-06-26,0.22,0.22,0.22,0.22,0.22,0
AMZN,2025-06-26,25.09,25.61,24.95,25.54,25.54,307233
AND,2025-06-26,52.02,52.25,51.9,52.24,52.24,110326
ANRG,2025-06-26,1.39,1.39,1.31,1.34,1.34,27000
AOI,2025-06-26,1.71,1.74,1.71,1.73,1.73,243490
AOT,2025-06-26,0.06,0.065,0.06,0.065,0.065,2504317
AOV,2025-06-26,5.8,5.83,5.73,5.75,5.75,72968
AP-UN,2025-06-26,16.87,16.9,16.75,16.85,16.85,281249
APLI,2025-06-26,0.01,0.015,0.01,0.015,0.015,249000
APM,2025-06-26,2.85,3.005,2.8,2.93,2.93,212169
APR-UN,2025-06-26,11.3,11.48,11.3,11.48,11.48,44771
APS,2025-06-26,1.11,1.13,1.08,1.13,1.13,17164
AQN,2025-06-26,7.75,7.825,7.735,7.79,7.79,1071285
ARA,2025-06-26,0.95,1.02,0.95,1.02,1.02,138068
ARE,2025-06-26,20.25,20.5,19.88,20.15,20.15,270498
ARG,2025-06-26,2.07,2.22,2.07,2.22,2.22,739711
ARIS,2025-06-26,9.47,9.47,9.25,9.27,9.27,329161
ARX,2025-06-26,29.72,29.76,28.17,28.79,28.79,4770681
ASCU,2025-06-26,2.18,2.28,2.18,2.23,2.23,248489
ASM,2025-06-26,4.8,4.91,4.755,4.91,4.91,258061
ASTL,2025-06-26,9.24,9.56,9.21,9.39,9.39,127291
ATCU,2025-06-26,0.59,0.6,0.57,0.57,0.57,60345
ATD,2025-06-26,69.0,69.7,68.1,68.9,68.9,1982646
ATH,2025-06-26,5.64,5.69,5.6,5.67,5.67,1502187
ATRL,2025-06-26,93.84,94.69,93.15,94.34,94.34,313100
ATS,2025-06-26,42.64,43.67,42.64,43.49,43.49,98694
ATZ,2025-06-26,68.24,69.41,67.87,69.21,69.21,300034
AUMN,2025-06-26,0.245,0.25,0.24,0.24,0.24,9529
AVCN,2025-06-26,0.26,0.26,0.26,0.26,0.26,517
AVL,2025-06-26,0.03,0.03,0.03,0.03,0.03,353690
AVNT,2025-06-26,0.75,0.75,0.74,0.74,0.74,9326
AW,2025-06-26,36.72,37.1,36.51,36.52,36.52,11499
AX-UN,2025-06-26,7.6,7.62,7.53,7.57,7.57,98078
AYA,2025-06-26,12.3,12.56,12.08,12.55,12.55,750557
BABY,2025-06-26,0.02,0.02,0.02,0.02,0.02,0
BAM,2025-06-26,74.7,75.54,74.34,75.54,75.54,1708112
BB,2025-06-26,6.64,6.68,6.28,6.45,6.45,4147878
BBD-A,2025-06-26,115.02,118.56,115.02,118.31,118.31,5549
BBD-B,2025-06-26,115.45,118.77,114.92,118.25,118.25,497235
BBU-UN,2025-06-26,34.02,34.91,34.02,34.91,34.91,6196
BBUC,2025-06-26,41.15,41.59,41.13,41.52,41.52,13237
BCE,2025-06-26,30.11,30.32,29.77,29.83,29.83,3301554
BCT,2025-06-26,3.96,4.23,3.96,4.22,4.22,4219
BDGI,2025-06-26,48.34,48.5,47.69,47.8,47.8,57330
BDI,2025-06-26,9.25,9.86,9.2,9.77,9.77,297264
BDT,2025-06-26,28.24,28.4,27.88,28.3,28.3,144272
BEI-UN,2025-06-26,69.45,70.01,68.6,68.71,68.71,57185
BEP-UN,2025-06-26,34.89,35.01,34.57,34.96,34.96,102707
BEPC,2025-06-26,44.5,44.65,44.15,44.5,44.5,94378
BGI-UN,2025-06-26,6.24,6.25,6.1,6.16,6.16,32000
BHC,2025-06-26,8.88,8.93,8.705,8.74,8.74,279671
BIP-UN,2025-06-26,45.2,46.28,45.2,46.22,46.22,359729
BIPC,2025-06-26,56.22,56.5,55.87,56.28,56.28,129460
BIR,2025-06-26,7.32,7.37,7.25,7.34,7.34,608492
BITF,2025-06-26,1.08,1.09,1.07,1.09,1.09,598880
BK,2025-06-26,12.0,12.0,11.98,12.0,12.0,135793
BKI,2025-06-26,0.1,0.1,0.1,0.1,0.1,116515
BLCO,2025-06-26,16.79,16.79,16.48,16.59,16.59,2396
BLDP,2025-06-26,1.95,2.09,1.93,2.06,2.06,701974
BLN,2025-06-26,7.22,7.245,7.185,7.2,7.2,32400
BLX,2025-06-26,31.59,31.9,31.41,31.7,31.7,219415
BMO,2025-06-26,146.4,148.87,146.4,148.87,148.87,3304236
BN,2025-06-26,82.94,83.46,82.64,83.35,83.35,1634249
BNE,2025-06-26,3.65,3.66,3.56,3.56,3.56,25164
BNG,2025-06-26,0.015,0.015,0.015,0.015,0.015,1000
BNS,2025-06-26,74.5,75.14,74.49,75.14,75.14,6867388
BNT,2025-06-26,82.44,83.51,82.44,83.51,83.51,9287
BOS,2025-06-26,4.7,4.7,4.6,4.6,4.6,1845
BPF-UN,2025-06-26,19.4,19.5,19.32,19.44,19.44,49783
BR,2025-06-26,1.14,1.15,1.09,1.09,1.09,21118
BRAG,2025-06-26,5.75,5.8,5.7,5.77,5.77,10392
BRE,2025-06-26,14.83,14.85,14.75,14.85,14.85,2834
BRK,2025-06-26,36.22,36.28,36.01,36.14,36.14,74804
BRMI,2025-06-26,0.88,0.88,0.88,0.88,0.88,4500
BRY,2025-06-26,0.23,0.27,0.23,0.25,0.25,9000
BSX,2025-06-26,0.33,0.375,0.315,0.35,0.35,419835
BTB-UN,2025-06-26,3.65,3.65,3.61,3.62,3.62,55804
BTE,2025-06-26,2.52,2.53,2.48,2.51,2.51,4715310
BTO,2025-06-26,4.91,4.98,4.865,4.98,4.98,2025483
BU,2025-06-26,4.07,4.07,3.91,3.92,3.92,5205
BYD,2025-06-26,211.26,214.02,210.81,211.26,211.26,18543
BYL,2025-06-26,0.225,0.34,0.225,0.265,0.265,656660
CAE,2025-06-26,36.48,36.78,36.13,36.54,36.54,508097
CAR-UN,2025-06-26,43.21,43.65,43.21,43.63,43.63,279118
CAS,2025-06-26,8.88,8.91,8.8,8.9,8.9,135240
CCA,2025-06-26,68.99,69.13,68.5,69.03,69.03,36818
CCL-A,2025-06-26,78.86,78.86,78.86,78.86,78.86,0
CCL-B,2025-06-26,78.13,79.1,77.71,79.04,79.04,239674
CCM,2025-06-26,0.345,0.365,0.33,0.35,0.35,135562
CCO,2025-06-26,99.24,102.19,98.06,101.5,101.5,1321048
CDR,2025-06-26,1.8,1.91,1.8,1.91,1.91,16600
CEF,2025-06-26,41.35,41.46,41.22,41.44,41.44,17272
CEF-U,2025-06-26,30.12,30.22,30.12,30.22,30.22,300
CEMX,2025-06-26,0.295,0.3,0.295,0.3,0.3,53500
CEU,2025-06-26,6.59,6.67,6.55,6.64,6.64,492845
CF,2025-06-26,10.15,10.35,10.08,10.33,10.33,61332
CFF,2025-06-26,0.32,0.32,0.3,0.3,0.3,44228
CFP,2025-06-26,14.02,14.36,14.0,14.32,14.32,103707
CFW,2025-06-26,3.4,3.4,3.31,3.35,3.35,42356
CFX,2025-06-26,0.69,0.7,0.68,0.69,0.69,31800
CG,2025-06-26,9.75,9.99,9.71,9.97,9.97,807695
CGG,2025-06-26,12.3,12.5,12.3,12.46,12.46,22760
CGI,2025-06-26,38.5,38.635,38.5,38.63,38.63,1000
CGO,2025-06-26,64.9,65.13,64.49,64.67,64.67,6430
CGX,2025-06-26,11.06,11.37,11.03,11.34,11.34,201505
CGY,2025-06-26,48.46,49.49,48.46,48.95,48.95,36416
CHE-UN,2025-06-26,10.98,11.05,10.98,11.0,11.0,209451
CHP-UN,2025-06-26,14.6,14.69,14.52,14.68,14.68,290715
CHR,2025-06-26,20.66,21.97,20.49,21.75,21.75,97324
CIA,2025-06-26,3.64,3.71,3.63,3.68,3.68,382064
CIGI,2025-06-26,177.03,178.33,175.155,178.02,178.02,57883
CIX,2025-06-26,31.65,31.66,31.6,31.62,31.62,188978
CJ,2025-06-26,6.74,6.775,6.675,6.76,6.76,449156
CJR-B,2025-06-26,0.11,0.11,0.1,0.105,0.105,357974
CJT,2025-06-26,93.62,94.87,93.53,94.75,94.75,37226
CKI,2025-06-26,23.25,23.25,23.25,23.25,23.25,0
CLS,2025-06-26,205.5,208.66,204.05,204.95,204.95,624803
CM,2025-06-26,96.3,96.7,95.81,96.21,96.21,4499077
CMG,2025-06-26,7.04,7.04,6.9,6.99,6.99,106677
CNE,2025-06-26,2.65,2.69,2.63,2.64,2.64,10706
CNL,2025-06-26,14.4,14.79,14.4,14.72,14.72,81429
CNQ,2025-06-26,43.17,43.56,42.95,43.56,43.56,15245309
CNR,2025-06-26,139.29,141.97,139.14,141.74,141.74,2615062
CNT,2025-06-26,0.06,0.06,0.06,0.06,0.06,0
COLA,2025-06-26,24.81,24.82,24.79,24.82,24.82,534
COP-U,2025-06-26,7.75,7.77,7.64,7.64,7.64,77170
COP-UN,2025-06-26,10.64,10.64,10.37,10.47,10.47,8709
COPR,2025-06-26,0.175,0.18,0.165,0.18,0.18,54305
COST,2025-06-26,45.05,45.05,44.6,44.92,44.92,57268
CP,2025-06-26,107.27,108.09,106.68,107.77,107.77,1283792
CPH,2025-06-26,12.92,13.1,12.81,12.86,12.86,23771
CPX,2025-06-26,57.09,57.13,55.91,56.21,56.21,997292
CRDL,2025-06-26,1.97,2.01,1.92,2.01,2.01,43953
CRON,2025-06-26,2.58,2.62,2.58,2.61,2.61,41535
CRP,2025-06-26,6.08,6.08,6.06,6.06,6.06,37600
CRR-UN,2025-06-26,14.78,14.78,14.64,14.69,14.69,159653
CRRX,2025-06-26,2.95,2.95,2.9,2.95,2.95,7600
CRT-UN,2025-06-26,15.74,15.81,15.7,15.76,15.76,100530
CRWN,2025-06-26,0.93,0.93,0.93,0.93,0.93,0
CS,2025-06-26,8.06,8.65,8.06,8.45,8.45,3934213
CSCI,2025-06-26,4.59,4.59,4.5,4.58,4.58,2801
CSCO,2025-06-26,33.72,33.99,33.68,33.93,33.93,5819
CSH-UN,2025-06-26,18.18,18.28,17.86,18.26,18.26,335840
CSU,2025-06-26,4909.1299,4946.7002,4844.8799,4926.79,4926.79,21575
CSW-A,2025-06-26,13.81,14.05,13.81,14.0,14.0,5300
CSW-B,2025-06-26,13.25,13.25,13.2,13.24,13.24,4501
CTC,2025-06-26,261.0,261.0,261.0,261.0,261.0,0
CTC-A,2025-06-26,182.41,182.55,181.06,181.28,181.28,190348
CTX,2025-06-26,0.49,0.49,0.49,0.49,0.49,0
CU,2025-06-26,37.73,37.77,37.44,37.55,37.55,284331
CUP-U,2025-06-26,13.24,13.35,13.16,13.35,13.35,8414
CURA,2025-06-26,1.15,1.15,1.09,1.15,1.15,261870
CVE,2025-06-26,18.71,18.95,18.58,18.84,18.84,4760446
CVG,2025-06-26,73.0,75.9,73.0,75.9,75.9,2521
CVO,2025-06-26,7.46,7.61,7.46,7.55,7.55,18780
CVVY,2025-06-26,0.37,0.37,0.37,0.37,0.37,1690
CWEB,2025-06-26,0.12,0.13,0.12,0.13,0.13,15500
CWL,2025-06-26,0.75,0.82,0.74,0.81,0.81,28200
CXI,2025-06-26,19.94,19.94,19.55,19.74,19.74,3335
CYB,2025-06-26,81.0,81.0,80.695,81.0,81.0,1345
D-UN,2025-06-26,15.64,15.95,15.44,15.82,15.82,124212
DAY,2025-06-26,75.89,76.07,74.55,76.07,76.07,18333
DBM,2025-06-26,8.68,8.78,8.68,8.78,8.78,94546
DBO,2025-06-26,0.235,0.26,0.235,0.25,0.25,1876565
DC-A,2025-06-26,2.71,2.73,2.66,2.665,2.665,24532
DCBO,2025-06-26,37.6,38.13,37.0,38.01,38.01,47269
DCM,2025-06-26,1.78,1.81,1.78,1.81,1.81,55874
DF,2025-06-26,6.18,6.22,6.18,6.21,6.21,175985
DFN,2025-06-26,6.25,6.31,6.23,6.31,6.31,682860
DFY,2025-06-26,77.45,78.06,76.8,78.0,78.0,130743
DGS,2025-06-26,6.98,7.0,6.94,7.0,7.0,159508
DHT-U,2025-06-26,9.43,9.43,9.43,9.43,9.43,0
DHT-UN,2025-06-26,13.49,13.57,13.3,13.38,13.38,35330
DIAM,2025-06-26,0.06,0.06,0.05,0.055,0.055,333096
DII-B,2025-06-26,1.32,1.39,1.28,1.32,1.32,20665
DIR-UN,2025-06-26,11.56,11.565,11.45,11.52,11.52,316981
DIV,2025-06-26,3.19,3.19,3.14,3.18,3.18,226740
DLCG,2025-06-26,8.9,8.93,8.76,8.76,8.76,11557
DML,2025-06-26,2.4,2.52,2.4,2.51,2.51,3158307
DND,2025-06-26,9.78,9.78,9.45,9.62,9.62,137386
DNG,2025-06-26,4.46,4.5,4.44,4.45,4.45,111978
DNTL,2025-06-26,8.1,8.18,8.01,8.18,8.18,95050
DOL,2025-06-26,191.95,193.97,190.25,190.73,190.73,577361
DOO,2025-06-26,65.47,66.17,64.88,66.17,66.17,113799
DPM,2025-06-26,21.08,21.69,20.91,21.6,21.6,602320
DR,2025-06-26,15.55,15.58,15.43,15.52,15.52,15425
DRM,2025-06-26,20.02,20.5,20.01,20.37,20.37,8500
DRR-U,2025-06-26,9.1,9.2,8.99,8.99,8.99,3000
DRT,2025-06-26,0.81,0.82,0.8,0.8,0.8,8140
DRX,2025-06-26,7.69,8.1,7.69,8.05,8.05,33060
DS,2025-06-26,6.6,6.63,6.6,6.61,6.61,2022
DSG,2025-06-26,138.45,139.59,136.5,139.24,139.24,144583
DSV,2025-06-26,3.12,3.16,3.065,3.12,3.12,1914891
DTOL,2025-06-26,14.17,14.48,14.17,14.34,14.34,6000
DXT,2025-06-26,9.15,9.28,9.15,9.16,9.16,29486
DYA,2025-06-26,0.14,0.14,0.14,0.14,0.14,102640
E,2025-06-26,1.92,1.92,1.87,1.9,1.9,85390
EAGR,2025-06-26,0.52,0.52,0.47,0.475,0.475,81100
ECN,2025-06-26,2.74,2.74,2.65,2.7,2.7,92532
ECO,2025-06-26,4.3,4.3,4.1,4.1,4.1,3364
ECOR,2025-06-26,1.26,1.28,1.21,1.23,1.23,39700
EDR,2025-06-26,6.6,6.745,6.46,6.73,6.73,685615
EDT,2025-06-26,0.82,0.82,0.8,0.8,0.8,25300
EDV,2025-06-26,42.49,42.93,42.04,42.92,42.92,514099
EFN,2025-06-26,33.78,34.0,33.63,33.9,33.9,532259
EFR,2025-06-26,7.71,8.13,7.65,8.05,8.05,1247918
EFX,2025-06-26,10.65,10.88,10.64,10.86,10.86,406680
EGLX,2025-06-26,0.055,0.055,0.05,0.05,0.05,9660
EIF,2025-06-26,59.54,61.48,59.36,61.43,61.43,132679
ELD,2025-06-26,28.01,28.12,27.74,28.08,28.08,281163
ELEF,2025-06-26,0.21,0.22,0.21,0.21,0.21,42444
ELF,2025-06-26,15.98,16.25,15.8,15.85,15.85,123282
ELO,2025-06-26,1.27,1.28,1.24,1.26,1.26,51438
ELR,2025-06-26,0.29,0.31,0.285,0.31,0.31,443767
ELVA,2025-06-26,4.63,4.67,4.53,4.58,4.58,40399
EMA,2025-06-26,61.36,61.63,61.05,61.12,61.12,366537
EMP-A,2025-06-26,55.61,56.19,55.06,55.7,55.7,282774
ENB,2025-06-26,60.93,61.6,60.93,61.54,61.54,4576001
ENGH,2025-06-26,23.03,23.05,22.79,22.98,22.98,170168
ENS,2025-06-26,14.26,14.3,14.12,14.14,14.14,34462
EPRX,2025-06-26,6.01,6.38,5.96,6.38,6.38,42075
EQB,2025-06-26,98.76,99.95,98.15,98.74,98.74,121902
EQX,2025-06-26,8.04,8.165,7.955,8.06,8.06,2111402
ERD,2025-06-26,0.91,0.92,0.89,0.91,0.91,182162
ERE-UN,2025-06-26,2.48,2.48,2.46,2.46,2.46,33101
ERO,2025-06-26,22.17,23.57,22.14,23.5,23.5,413860
ESI,2025-06-26,2.23,2.27,2.21,2.24,2.24,28974
ESM,2025-06-26,0.14,0.145,0.135,0.14,0.14,2248420
ESP,2025-06-26,4.65,4.67,4.61,4.65,4.65,7742
ET,2025-06-26,12.06,12.3,12.05,12.29,12.29,37459
ETG,2025-06-26,2.09,2.09,2.04,2.06,2.06,44542
EVT,2025-06-26,19.95,19.95,19.95,19.95,19.95,200
EXE,2025-06-26,13.91,13.915,13.77,13.81,13.81,163578
EXRO,2025-06-26,0.07,0.07,0.065,0.07,0.07,185397
FAP,2025-06-26,2.93,2.93,2.92,2.93,2.93,82079
FAR,2025-06-26,1.82,1.9,1.82,1.9,1.9,64942
FC,2025-06-26,12.28,12.28,12.12,12.22,12.22,138841
FCD-UN,2025-06-26,5.92,5.99,5.92,5.99,5.99,17929
FCR-UN,2025-06-26,17.67,17.86,17.61,17.84,17.84,387536
FDY,2025-06-26,0.85,0.91,0.82,0.9,0.9,419307
FEC,2025-06-26,6.36,6.51,6.36,6.49,6.49,13178
FF,2025-06-26,0.195,0.195,0.185,0.1875,0.1875,498999
FFH,2025-06-26,2459.02,2471.1001,2420.8301,2435.5701,2435.5701,39166
FFM,2025-06-26,0.94,0.95,0.93,0.95,0.95,165500
FFN,2025-06-26,6.85,6.92,6.85,6.91,6.91,257522
FIH-U,2025-06-26,18.64,18.64,18.2,18.41,18.41,27596
FLNT,2025-06-26,0.03,0.03,0.025,0.025,0.025,90666
FLOW,2025-06-26,0.06,0.06,0.06,0.06,0.06,25930
FM,2025-06-26,22.83,24.18,22.81,24.15,24.15,2696369
FN,2025-06-26,41.49,41.65,41.4,41.59,41.59,15250
FNV,2025-06-26,224.0,224.93,222.76,224.81,224.81,270420
FOM,2025-06-26,3.22,3.335,3.21,3.3,3.3,882458
FOOD,2025-06-26,0.14,0.14,0.14,0.14,0.14,48925
FORA,2025-06-26,3.98,4.17,3.92,4.1,4.1,13500
FRU,2025-06-26,12.7,12.87,12.7,12.86,12.86,455454
FRX,2025-06-26,11.34,11.34,11.33,11.33,11.33,200
FSV,2025-06-26,235.46,236.51,234.08,235.13,235.13,145832
FSY,2025-06-26,0.64,0.67,0.625,0.64,0.64,416496
FSZ,2025-06-26,6.59,6.71,6.56,6.64,6.64,394498
FT,2025-06-26,0.085,0.09,0.08,0.08,0.08,673653
FTG,2025-06-26,11.92,11.95,11.76,11.9,11.9,22500
FTS,2025-06-26,63.88,64.39,63.85,64.25,64.25,731887
FTT,2025-06-26,56.75,56.94,56.27,56.66,56.66,536322
FTU,2025-06-26,0.43,0.43,0.43,0.43,0.43,0
FURY,2025-06-26,0.65,0.68,0.65,0.68,0.68,27375
FVI,2025-06-26,8.92,9.08,8.73,9.06,9.06,693924
FVL,2025-06-26,1.27,1.32,1.255,1.3,1.3,292319
G,2025-06-26,1.25,1.25,1.18,1.25,1.25,78315
GAU,2025-06-26,1.78,1.8,1.74,1.74,1.74,1147484
GBT,2025-06-26,13.75,13.75,13.75,13.75,13.75,100
GCG,2025-06-26,41.73,41.75,41.73,41.75,41.75,2602
GCG-A,2025-06-26,41.25,41.25,40.68,40.8,40.8,5250
GCL,2025-06-26,0.87,0.9,0.87,0.88,0.88,117118
GCU,2025-06-26,0.3,0.3,0.275,0.29,0.29,346223
GDC,2025-06-26,3.22,3.22,3.15,3.15,3.15,1905
GDI,2025-06-26,31.01,31.17,30.86,31.0,31.0,3492
GDL,2025-06-26,12.4,12.45,12.35,12.38,12.38,3990
GEI,2025-06-26,23.87,24.21,23.79,24.19,24.19,625645
GENM,2025-06-26,0.35,0.35,0.31,0.34,0.34,1327783
GEO,2025-06-26,3.59,3.63,3.55,3.55,3.55,14069
GFL,2025-06-26,68.1,69.12,67.82,68.96,68.96,257358
GFP,2025-06-26,3.64,3.65,3.45,3.65,3.65,1865
GFR,2025-06-26,6.15,6.25,6.15,6.25,6.25,6386
GGD,2025-06-26,2.06,2.09,2.05,2.09,2.09,431511
GH,2025-06-26,12.06,12.06,12.06,12.06,12.06,101
GIB-A,2025-06-26,142.33,142.64,141.28,141.77,141.77,386165
GIL,2025-06-26,64.38,66.15,64.29,65.93,65.93,270947
GLO,2025-06-26,0.67,0.7,0.64,0.68,0.68,1312662
GLXY,2025-06-26,26.61,28.7,25.92,27.94,27.94,1058452
GMIN,2025-06-26,17.77,18.53,17.67,18.5,18.5,781151
GMTN,2025-06-26,0.005,0.01,0.005,0.01,0.01,187541
GMX,2025-06-26,1.4,1.4,1.36,1.38,1.38,7100
GOLD,2025-06-26,1.01,1.03,1.01,1.015,1.015,76928
GOOG,2025-06-26,28.4,28.63,28.04,28.62,28.62,225362
GOOS,2025-06-26,15.62,15.97,15.6,15.8,15.8,180216
GRA,2025-06-26,2.33,2.34,2.28,2.34,2.34,77740
GRC,2025-06-26,0.065,0.07,0.065,0.07,0.07,72000
GRGD,2025-06-26,26.25,27.15,26.0,27.08,27.08,179640
GRID,2025-06-26,3.04,3.11,2.97,3.1,3.1,278117
GRN,2025-06-26,0.1,0.1,0.09,0.095,0.095,34178
GRT-UN,2025-06-26,69.5,69.5,68.1,68.94,68.94,79408
GSY,2025-06-26,164.26,166.5,163.41,166.09,166.09,19485
GTE,2025-06-26,6.78,6.94,6.73,6.77,6.77,10710
GTWO,2025-06-26,2.88,2.88,2.81,2.87,2.87,63878
GUD,2025-06-26,5.8,5.83,5.73,5.75,5.75,51163
GURU,2025-06-26,1.8,1.81,1.8,1.81,1.81,1959
GVC,2025-06-26,0.15,0.15,0.15,0.15,0.15,36000
GWO,2025-06-26,51.6,51.87,51.27,51.34,51.34,2382461
H,2025-06-26,48.69,48.91,48.55,48.87,48.87,580010
HAI,2025-06-26,4.55,4.6,4.53,4.54,4.54,13100
HBM,2025-06-26,13.78,14.58,13.78,14.58,14.58,2952580
HBP,2025-06-26,0.93,0.93,0.93,0.93,0.93,0
HFPC-U,2025-06-26,2.22,2.22,2.16,2.16,2.16,8500
HLF,2025-06-26,18.07,18.39,17.72,17.81,17.81,11758
HLS,2025-06-26,4.8,4.8,4.75,4.77,4.77,10000
HMM-A,2025-06-26,9.6,9.94,9.51,9.93,9.93,4915
HOM-U,2025-06-26,13.06,13.17,13.06,13.1,13.1,6131
HOM-UN,2025-06-26,18.14,18.14,17.81,17.83,17.83,6924
HOT-U,2025-06-26,0.44,0.465,0.44,0.46,0.46,20300
HOT-UN,2025-06-26,0.44,0.465,0.44,0.46,0.46,20349
HPS-A,2025-06-26,116.56,120.45,116.56,120.36,120.36,18465
HR-UN,2025-06-26,10.78,10.81,10.6,10.76,10.76,542337
HSLV,2025-06-26,2.69,2.72,2.63,2.65,2.65,31247
HUT,2025-06-26,23.54,25.73,23.25,25.49,25.49,1791830
HWO,2025-06-26,0.9,0.9,0.9,0.9,0.9,0
HWX,2025-06-26,6.88,6.92,6.79,6.88,6.88,349615
IAG,2025-06-26,145.49,146.95,144.32,146.51,146.51,259846
IAU,2025-06-26,0.9,0.915,0.87,0.89,0.89,318747
ICE,2025-06-26,3.81,3.93,3.8,3.93,3.93,1400
IE,2025-06-26,12.87,13.6,12.87,13.46,13.46,7142
IFA,2025-06-26,0.96,0.96,0.96,0.96,0.96,10989
IFC,2025-06-26,311.46,313.17,309.13,310.69,310.69,279195
IFP,2025-06-26,12.65,12.96,12.64,12.92,12.92,142265
IGBT-UN,2025-06-26,10.6,10.67,10.6,10.67,10.67,3500
IGM,2025-06-26,43.32,43.62,43.07,43.38,43.38,260230
III,2025-06-26,4.92,5.16,4.92,4.97,4.97,115058
IIP-UN,2025-06-26,13.63,13.63,13.49,13.55,13.55,1193935
ILLM,2025-06-26,1.86,1.88,1.85,1.87,1.87,8727
IMG,2025-06-26,10.08,10.18,9.945,10.06,10.06,1394281
IMO,2025-06-26,109.84,111.25,109.455,111.01,111.01,311696
IMP,2025-06-26,2.25,2.34,2.14,2.34,2.34,98935
INC-UN,2025-06-26,8.25,8.25,8.25,8.25,8.25,13300
INE,2025-06-26,13.78,13.8,13.775,13.79,13.79,157445
INO-UN,2025-06-26,0.93,0.94,0.93,0.93,0.93,23150
IPCO,2025-06-26,21.96,22.17,21.87,22.09,22.09,50996
IPO,2025-06-26,9.15,9.22,9.0,9.15,9.15,68676
IS,2025-06-26,15.1,15.25,15.1,15.25,15.25,5566
ISC,2025-06-26,32.0,32.19,32.0,32.0,32.0,2629
ISO,2025-06-26,9.52,9.77,9.45,9.63,9.63,254013
ITH,2025-06-26,1.25,1.25,1.17,1.2,1.2,15996
IVN,2025-06-26,10.3,10.76,10.29,10.39,10.39,4676915
IVQ,2025-06-26,0.15,0.1575,0.15,0.1575,0.1575,1750
IVQ-U,2025-06-26,0.11,0.11,0.11,0.11,0.11,0
JAG,2025-06-26,3.44,3.45,3.41,3.45,3.45,40300
JOY,2025-06-26,1.95,1.99,1.95,1.97,1.97,30478
JWEL,2025-06-26,35.3,35.52,35.11,35.48,35.48,32791
K,2025-06-26,21.19,21.62,21.14,21.61,21.61,3655122
KBL,2025-06-26,34.85,35.15,34.75,35.02,35.02,11868
KEC,2025-06-26,20.25,20.66,20.03,20.49,20.49,54400
KEG-UN,2025-06-26,18.65,18.67,18.62,18.65,18.65,17709
KEI,2025-06-26,9.5,9.65,9.11,9.3,9.3,24918
KEL,2025-06-26,7.17,7.225,7.115,7.22,7.22,163444
KEY,2025-06-26,43.69,44.15,43.53,43.98,43.98,753712
KITS,2025-06-26,13.8,13.95,13.7,13.94,13.94,18330
KLS,2025-06-26,0.155,0.16,0.155,0.16,0.16,83000
KMP-UN,2025-06-26,19.24,19.26,19.01,19.13,19.13,268636
KNT,2025-06-26,15.45,15.45,15.12,15.36,15.36,513705
KPT,2025-06-26,9.25,9.32,9.15,9.29,9.29,12704
KRN,2025-06-26,0.155,0.155,0.155,0.155,0.155,10500
KSI,2025-06-26,6.14,6.25,6.06,6.06,6.06,54682
KXS,2025-06-26,202.34,202.34,198.35,199.4,199.4,59837
L,2025-06-26,225.03,226.25,222.83,223.79,223.79,225815
LABS,2025-06-26,0.075,0.075,0.07,0.075,0.075,61038
LAC,2025-06-26,3.59,3.79,3.57,3.76,3.76,1276826
LAM,2025-06-26,0.65,0.65,0.63,0.63,0.63,191620
LAS-A,2025-06-26,214.5,214.5,213.6,213.6,213.6,590
LB,2025-06-26,30.71,30.94,30.71,30.86,30.86,97967
LBS,2025-06-26,9.42,9.48,9.39,9.45,9.45,41723
LCFS,2025-06-26,2.61,2.71,2.61,2.65,2.65,800
LCS,2025-06-26,8.78,8.85,8.78,8.84,8.84,5637
LFE,2025-06-26,6.29,6.3,6.265,6.3,6.3,74369
LGD,2025-06-26,0.325,0.325,0.315,0.32,0.32,121800
LGO,2025-06-26,1.63,1.74,1.63,1.71,1.71,22150
LIF,2025-06-26,28.49,28.67,28.42,28.58,28.58,293150
LIRC,2025-06-26,5.17,5.17,5.03,5.12,5.12,1401
LN,2025-06-26,0.52,0.53,0.51,0.53,0.53,140100
LNF,2025-06-26,28.17,28.3,27.7,27.7,27.7,12710
LNR,2025-06-26,63.84,64.35,63.61,64.12,64.12,78713
LSPD,2025-06-26,15.57,15.86,15.26,15.86,15.86,473460
LUC,2025-06-26,0.23,0.235,0.225,0.23,0.23,43555
LUG,2025-06-26,72.7,73.54,71.98,73.32,73.32,774982
LUN,2025-06-26,14.18,14.84,14.15,14.71,14.71,2916583
MAG,2025-06-26,29.03,29.35,28.9,29.35,29.35,105862
MAL,2025-06-26,19.09,19.68,19.09,19.59,19.59,49816
MARI,2025-06-26,6.99,7.05,6.9,7.05,7.05,31536
MATR,2025-06-26,11.79,12.17,11.79,12.11,12.11,303231
MAU,2025-06-26,4.52,4.64,4.38,4.55,4.55,361477
MBX,2025-06-26,0.295,0.295,0.295,0.295,0.295,9023
MCAN,2025-06-26,10.33,10.33,10.33,10.33,10.33,200
MCB,2025-06-26,4.06,4.11,3.98,4.1,4.1,25930
MDA,2025-06-26,33.33,34.52,33.08,34.5,34.5,470174
MDI,2025-06-26,8.76,8.95,8.68,8.86,8.86,131412
MDNA,2025-06-26,0.97,0.97,0.9,0.91,0.91,6954
MDP,2025-06-26,3.4,3.61,3.06,3.15,3.15,133801
MEG,2025-06-26,25.65,25.85,25.52,25.76,25.76,503274
MEQ,2025-06-26,188.0,188.49,187.38,188.28,188.28,1394
MER,2025-06-26,1.71,1.74,1.71,1.73,1.73,243234
META,2025-06-26,39.07,39.86,38.98,39.76,39.76,220406
MFC,2025-06-26,42.96,43.83,42.91,43.75,43.75,5191986
MFI,2025-06-26,28.61,28.9,28.42,28.49,28.49,91442
MG,2025-06-26,51.41,52.21,51.28,52.2,52.2,420698
MGA,2025-06-26,0.28,0.29,0.2725,0.285,0.285,653841
MHC-U,2025-06-26,18.06,18.06,17.9,17.9,17.9,400
MI-UN,2025-06-26,14.18,14.19,13.84,14.0,14.0,119954
MID-UN,2025-06-26,7.15,7.15,7.15,7.15,7.15,0
MKP,2025-06-26,19.24,19.25,19.12,19.14,19.14,58728
MMP-UN,2025-06-26,2.29,2.29,2.29,2.29,2.29,0
MND,2025-06-26,4.82,4.92,4.81,4.87,4.87,50010
MNO,2025-06-26,0.8,0.84,0.79,0.8,0.8,302849
MNS,2025-06-26,29.0,29.19,29.0,29.19,29.19,352
MNT-U,2025-06-26,35.86,35.86,35.86,35.86,35.86,0
MOGO,2025-06-26,1.76,1.76,1.69,1.71,1.71,15397
MPC,2025-06-26,5.5,5.5,5.5,5.5,5.5,500
MPC-C,2025-06-26,5.0,5.0,5.0,5.0,5.0,500
MPCT-UN,2025-06-26,2.66,2.66,2.59,2.61,2.61,9645
MPVD,2025-06-26,0.06,0.06,0.055,0.055,0.055,126500
MRC,2025-06-26,113.14,113.92,113.03,113.92,113.92,3836
MRD,2025-06-26,13.72,13.77,13.68,13.68,13.68,4514
MRE,2025-06-26,8.44,8.48,8.37,8.46,8.46,24657
MRG-UN,2025-06-26,18.16,18.35,18.12,18.34,18.34,18315
MRT-UN,2025-06-26,5.76,5.78,5.75,5.78,5.78,6541
MRU,2025-06-26,105.45,105.93,105.05,105.59,105.59,328601
MSA,2025-06-26,2.55,2.58,2.51,2.52,2.52,282660
MSCL,2025-06-26,0.62,0.62,0.6,0.61,0.61,76520
MSFT,2025-06-26,35.6,35.89,35.55,35.87,35.87,67702
MSV,2025-06-26,0.23,0.23,0.23,0.23,0.23,6500
MTL,2025-06-26,14.14,14.15,14.08,14.15,14.15,102960
MTY,2025-06-26,40.36,40.36,39.71,40.28,40.28,154018
MUX,2025-06-26,12.69,13.25,12.57,13.25,13.25,60294
MX,2025-06-26,46.76,48.35,46.76,47.48,47.48,254180
MXG,2025-06-26,4.46,4.46,4.45,4.45,4.45,1600
NANO,2025-06-26,0.74,0.75,0.7,0.75,0.75,39430
NCF,2025-06-26,0.115,0.115,0.11,0.115,0.115,229092
NDM,2025-06-26,2.12,2.16,2.08,2.11,2.11,971068
NEO,2025-06-26,13.54,14.06,13.45,13.96,13.96,231402
NEXT,2025-06-26,0.22,0.22,0.205,0.205,0.205,21850
NFI,2025-06-26,17.16,17.39,17.16,17.23,17.23,113783
NG,2025-06-26,5.05,5.675,5.05,5.65,5.65,915658
NGD,2025-06-26,6.66,6.74,6.555,6.74,6.74,1182590
NGEX,2025-06-26,15.45,15.83,15.34,15.66,15.66,230480
NGT,2025-06-26,79.38,80.74,79.37,80.71,80.71,136453
NOA,2025-06-26,22.69,22.99,22.3,22.85,22.85,58874
NOU,2025-06-26,2.28,2.32,2.25,2.26,2.26,13065
NPI,2025-06-26,21.71,21.71,21.43,21.69,21.69,670824
NPK,2025-06-26,0.53,0.53,0.51,0.52,0.52,105200
NPS,2025-06-26,12.45,12.5,12.45,12.5,12.5,3522
NRR-UN,2025-06-26,15.88,16.34,15.88,16.22,16.22,1855
NTR,2025-06-26,80.19,80.61,79.09,79.2,79.2,1366549
NUAG,2025-06-26,1.9,1.91,1.86,1.91,1.91,13953
NUMI,2025-06-26,0.05,0.05,0.05,0.05,0.05,0
NVA,2025-06-26,14.48,14.64,14.33,14.62,14.62,578802
NVDA,2025-06-26,35.81,36.03,35.43,35.63,35.63,800036
NVO,2025-06-26,0.105,0.105,0.105,0.105,0.105,91500
NWC,2025-06-26,49.16,49.16,48.16,48.34,48.34,148602
NWH-UN,2025-06-26,4.95,4.96,4.93,4.96,4.96,269228
NXE,2025-06-26,9.17,9.58,9.08,9.45,9.45,2080684
NXR-UN,2025-06-26,7.52,7.52,7.43,7.46,7.46,77118
OBE,2025-06-26,7.52,7.63,7.45,7.47,7.47,155499
OGC,2025-06-26,19.71,19.86,19.5,19.68,19.68,693000
OGD,2025-06-26,1.56,1.58,1.55,1.57,1.57,3000
OGI,2025-06-26,1.78,1.9,1.78,1.89,1.89,57970
OLA,2025-06-26,13.56,13.84,13.5,13.7,13.7,530672
OLY,2025-06-26,119.94,120.86,119.94,120.86,120.86,589
ONC,2025-06-26,0.95,1.05,0.94,0.98,0.98,387252
ONEX,2025-06-26,110.41,114.04,110.41,113.29,113.29,87873
OPT,2025-06-26,1.6,1.69,1.59,1.59,1.59,1795
OR,2025-06-26,34.8,35.09,34.65,35.07,35.07,177290
ORA,2025-06-26,36.5,36.8,35.9,36.52,36.52,74719
ORE,2025-06-26,1.17,1.19,1.16,1.17,1.17,283571
ORV,2025-06-26,0.53,0.54,0.53,0.53,0.53,12317
OTEX,2025-06-26,39.27,39.43,38.97,39.38,39.38,651024
OVV,2025-06-26,52.33,53.07,52.09,52.87,52.87,147367
PAAS,2025-06-26,39.62,39.74,38.97,39.71,39.71,627517
PBH,2025-06-26,80.39,81.05,80.1,80.35,80.35,72172
PBL,2025-06-26,22.5,22.5,22.25,22.3,22.3,6106
PBY-UN,2025-06-26,15.87,15.9,15.87,15.9,15.9,5700
PD,2025-06-26,63.11,64.37,63.01,64.08,64.08,89393
PDN,2025-06-26,6.87,6.99,6.86,6.95,6.95,35991
PDV,2025-06-26,8.5,8.5,8.5,8.5,8.5,0
PEA,2025-06-26,0.37,0.37,0.37,0.37,0.37,1690
PET,2025-06-26,32.37,32.92,32.19,32.92,32.92,97470
PEY,2025-06-26,19.45,19.48,19.27,19.39,19.39,735830
PFCB,2025-06-26,10.7,10.7,10.7,10.7,10.7,12136
PGIC,2025-06-26,5.81,5.84,5.77,5.83,5.83,23011
PHW,2025-06-26,19.8,19.8,19.8,19.8,19.8,0
PHX,2025-06-26,8.4,8.4,8.21,8.26,8.26,262965
PHYS,2025-06-26,34.69,34.755,34.58,34.72,34.72,133859
PIC-A,2025-06-26,6.14,6.22,6.14,6.19,6.19,65360
PIF,2025-06-26,11.92,12.04,11.86,11.88,11.88,17335
PKI,2025-06-26,37.73,38.24,37.46,38.24,38.24,386537
PLZ-UN,2025-06-26,3.89,3.9,3.87,3.89,3.89,35333
PME,2025-06-26,2.89,2.89,2.89,2.89,2.89,0
PMET,2025-06-26,2.13,2.29,2.13,2.29,2.29,396664
PMZ-UN,2025-06-26,14.75,14.75,14.62,14.71,14.71,237076
PNC-A,2025-06-26,1.34,1.34,1.34,1.34,1.34,0
PNC-B,2025-06-26,1.42,1.42,1.42,1.42,1.42,0
PNE,2025-06-26,0.65,0.65,0.64,0.65,0.65,21270
PNP,2025-06-26,16.6,17.68,16.6,16.88,16.88,15887
POU,2025-06-26,21.64,21.78,21.19,21.58,21.58,520798
POW,2025-06-26,53.9,54.15,53.46,53.53,53.53,4842155
PPL,2025-06-26,50.94,51.88,50.62,51.68,51.68,3610278
PPR,2025-06-26,0.03,0.03,0.03,0.03,0.03,565020
PPTA,2025-06-26,17.89,17.94,17.27,17.58,17.58,169625
PRB,2025-06-26,2.33,2.33,2.26,2.28,2.28,87518
PRL,2025-06-26,38.0,38.95,37.51,38.76,38.76,136555
PRM,2025-06-26,11.16,11.16,10.88,10.91,10.91,1373
PRN,2025-06-26,8.49,8.49,8.1,8.385,8.385,4854
PRQ,2025-06-26,1.4,1.4,1.37,1.37,1.37,16570
PRU,2025-06-26,3.03,3.03,3.01,3.03,3.03,8057
PRV-UN,2025-06-26,5.65,5.71,5.63,5.71,5.71,43029
PRYM,2025-06-26,1.94,2.05,1.93,2.04,2.04,270218
PSD,2025-06-26,3.02,3.1,3.02,3.1,3.1,6505
PSI,2025-06-26,12.28,12.39,12.12,12.26,12.26,116233
PSK,2025-06-26,23.61,23.92,23.42,23.91,23.91,480658
PSLV,2025-06-26,16.86,16.995,16.82,16.98,16.98,193250
PSLV-U,2025-06-26,12.36,12.38,12.36,12.38,12.38,318
PTM,2025-06-26,2.18,2.27,2.14,2.2,2.2,81728
PWI,2025-06-26,9.32,9.37,9.31,9.37,9.37,3726
PXT,2025-06-26,14.09,14.21,13.94,14.09,14.09,446131
PYR,2025-06-26,0.445,0.47,0.44,0.47,0.47,45388
PZA,2025-06-26,14.98,14.98,14.85,14.97,14.97,16568
QBR-A,2025-06-26,41.52,41.52,41.52,41.52,41.52,266
QBR-B,2025-06-26,41.66,41.83,41.07,41.12,41.12,810209
QBTC,2025-06-26,137.02,137.02,134.92,135.81,135.81,1636
QBTC-U,2025-06-26,100.31,100.31,99.16,99.77,99.77,1260
QEC,2025-06-26,0.3,0.3,0.3,0.3,0.3,12077
QIPT,2025-06-26,2.61,2.64,2.54,2.6,2.6,22202
QRC,2025-06-26,7.0,7.0,7.0,7.0,7.0,50114
QSP-UN,2025-06-26,89.12,89.12,89.12,89.12,89.12,0
QSR,2025-06-26,89.3,89.55,88.25,89.35,89.35,585600
QTRH,2025-06-26,1.34,1.41,1.33,1.4,1.4,88359
RAY-A,2025-06-26,9.86,10.0,9.86,9.99,9.99,34622
RAY-B,2025-06-26,9.84,9.84,9.84,9.84,9.84,0
RBA,2025-06-26,143.3,144.72,140.8,143.78,143.78,293426
RBN-UN,2025-06-26,7.89,7.89,7.89,7.89,7.89,2300
RBY,2025-06-26,2.0,2.0,1.88,1.94,1.94,3100
RCG,2025-06-26,9.16,9.16,9.16,9.16,9.16,100
RCH,2025-06-26,35.17,35.84,35.12,35.84,35.84,51182
RCI-A,2025-06-26,43.21,43.77,43.11,43.77,43.77,708
RCI-B,2025-06-26,39.97,40.22,39.75,40.01,40.01,1569871
REAL,2025-06-26,5.685,5.72,5.65,5.67,5.67,6219
REI-UN,2025-06-26,17.46,17.54,17.37,17.52,17.52,377001
ROOT,2025-06-26,3.24,3.24,3.2,3.2,3.2,2700
RPI-UN,2025-06-26,32.45,32.56,32.28,32.5,32.5,6200
RPR-UN,2025-06-26,0.36,0.36,0.35,0.35,0.35,14862
RS,2025-06-26,9.79,9.805,9.7,9.79,9.79,24299
RSI,2025-06-26,5.7,5.715,5.64,5.65,5.65,325429
RTG,2025-06-26,0.035,0.035,0.035,0.035,0.035,305500
RUP,2025-06-26,4.81,4.95,4.78,4.91,4.91,49236
RUS,2025-06-26,42.55,42.67,42.23,42.66,42.66,113587
RVX,2025-06-26,0.035,0.04,0.035,0.04,0.04,126540
RY,2025-06-26,175.73,177.88,175.73,177.61,177.61,3578032
S,2025-06-26,0.145,0.145,0.14,0.14,0.14,126752
SAM,2025-06-26,0.3,0.33,0.28,0.295,0.295,144617
SAP,2025-06-26,27.17,27.44,26.98,27.02,27.02,773700
SAU,2025-06-26,0.23,0.23,0.22,0.225,0.225,820749
SBC,2025-06-26,10.45,10.49,10.3,10.49,10.49,62284
SBI,2025-06-26,3.3,3.36,3.3,3.36,3.36,17082
SBR,2025-06-26,0.05,0.05,0.05,0.05,0.05,0
SCR,2025-06-26,30.06,30.56,30.06,30.43,30.43,20139
SDE,2025-06-26,3.73,3.82,3.72,3.81,3.81,178674
SEA,2025-06-26,19.49,19.99,19.23,19.98,19.98,104054
SEC,2025-06-26,333.71,333.71,333.71,333.71,333.71,0
SES,2025-06-26,15.2,15.38,15.2,15.37,15.37,356643
SFC,2025-06-26,8.57,8.57,8.35,8.36,8.36,17219
SFD,2025-06-26,0.58,0.58,0.57,0.58,0.58,29522
SFI,2025-06-26,0.28,0.28,0.28,0.28,0.28,10000
SGR-U,2025-06-26,10.7,10.7,10.7,10.7,10.7,0
SGR-UN,2025-06-26,14.39,14.39,14.19,14.24,14.24,114281
SGY,2025-06-26,6.1,6.14,6.005,6.12,6.12,594846
SHLE,2025-06-26,13.06,13.5,12.835,13.5,13.5,29183
SHOP,2025-06-26,155.33,155.33,147.8,154.21,154.21,3122514
SIA,2025-06-26,18.6,18.68,18.5,18.67,18.67,162569
SII,2025-06-26,92.93,93.44,91.68,92.32,92.32,67292
SIS,2025-06-26,19.0,19.09,18.96,19.0,19.0,32462
SJ,2025-06-26,77.09,78.18,76.98,78.16,78.16,67215
SKE,2025-06-26,20.72,21.37,20.66,21.36,21.36,155166
SLF,2025-06-26,89.13,89.5,88.76,89.25,89.25,1531181
SLR,2025-06-26,0.89,0.89,0.88,0.89,0.89,61535
SLS,2025-06-26,6.05,6.42,6.03,6.38,6.38,427838
SLT-U,2025-06-26,9.47,9.47,9.47,9.47,9.47,0
SMC,2025-06-26,0.015,0.015,0.015,0.015,0.015,6000
SMT,2025-06-26,1.15,1.15,1.14,1.14,1.14,66483
SOBO,2025-06-26,35.31,35.6,35.18,35.3,35.3,2451631
SOIL,2025-06-26,2.04,2.1,2.01,2.06,2.06,123042
SOY,2025-06-26,8.16,8.17,8.03,8.11,8.11,15778
SPB,2025-06-26,8.04,8.05,7.92,7.96,7.96,921873
SPPP,2025-06-26,16.34,16.81,16.34,16.62,16.62,297858
SPPP-U,2025-06-26,11.98,12.22,11.98,12.22,12.22,1400
SRU-UN,2025-06-26,25.36,25.41,25.23,25.41,25.41,234067
SRV-UN,2025-06-26,13.54,13.54,12.85,13.18,13.18,18226
SSL,2025-06-26,12.74,12.89,12.54,12.68,12.68,284978
SSRM,2025-06-26,17.08,17.265,16.83,17.22,17.22,314174
STC,2025-06-26,7.67,8.04,7.67,8.04,8.04,1600
STCK,2025-06-26,12.66,13.28,12.6,13.21,13.21,21706
STEP,2025-06-26,4.2,4.24,4.2,4.24,4.24,1200
STGO,2025-06-26,1.29,1.29,1.26,1.27,1.27,153427
STLR,2025-06-26,0.79,0.85,0.79,0.85,0.85,57732
STN,2025-06-26,146.91,147.81,145.96,147.66,147.66,335409
SU,2025-06-26,51.7,52.16,51.565,51.76,51.76,7089000
SVA,2025-06-26,0.17,0.17,0.165,0.165,0.165,39552
SVB,2025-06-26,0.25,0.26,0.245,0.26,0.26,14000
SVI,2025-06-26,4.08,4.11,4.02,4.03,4.03,92827
SVM,2025-06-26,5.67,5.75,5.62,5.74,5.74,528373
SWP,2025-06-26,3.29,3.29,3.29,3.29,3.29,0
SXI,2025-06-26,2.33,2.33,2.33,2.33,2.33,0
SXP,2025-06-26,3.78,3.85,3.78,3.8,3.8,32779
SYZ,2025-06-26,8.67,8.67,8.45,8.54,8.54,6153
SZLS,2025-06-26,0.04,0.04,0.04,0.04,0.04,0
T,2025-06-26,21.84,21.89,21.66,21.74,21.74,2583457
TA,2025-06-26,15.0,15.0,14.57,14.6,14.6,854498
TAL,2025-06-26,0.68,0.69,0.67,0.67,0.67,283665
TBL,2025-06-26,3.49,3.49,3.33,3.35,3.35,8200
TC,2025-06-26,27.01,27.01,26.37,26.37,26.37,1183
TCL-A,2025-06-26,20.76,20.98,20.76,20.94,20.94,159211
TCL-B,2025-06-26,20.64,20.64,20.64,20.64,20.64,0
TCS,2025-06-26,40.53,40.53,39.83,40.43,40.43,2943
TCW,2025-06-26,4.52,4.59,4.44,4.5,4.5,618123
TD,2025-06-26,98.62,99.54,98.62,99.46,99.46,4824314
TECK-A,2025-06-26,56.23,56.93,54.69,56.9,56.9,2384
TECK-B,2025-06-26,53.42,56.81,53.4,56.6,56.6,2897194
TF,2025-06-26,7.65,7.67,7.6,7.67,7.67,92283
TFII,2025-06-26,120.0,121.02,119.6,120.87,120.87,331243
TFPM,2025-06-26,32.75,32.84,32.24,32.49,32.49,85964
TGO,2025-06-26,1.1,1.1,1.09,1.09,1.09,200
TH,2025-06-26,3.3,3.32,3.15,3.2,3.2,56927
THNC,2025-06-26,2.1,2.1,2.0,2.03,2.03,2393
TI,2025-06-26,0.72,0.72,0.7,0.7,0.7,25686
TIH,2025-06-26,121.36,122.09,121.0,122.01,122.01,97162
TIXT,2025-06-26,5.08,5.085,4.93,4.93,4.93,159054
TKO,2025-06-26,4.12,4.33,4.11,4.32,4.32,1024240
TLG,2025-06-26,0.69,0.7,0.68,0.7,0.7,128473
TLO,2025-06-26,0.215,0.225,0.21,0.22,0.22,1728196
TLRY,2025-06-26,0.53,0.56,0.53,0.55,0.55,1811279
TMQ,2025-06-26,1.95,2.08,1.95,1.98,1.98,11607
TNT-UN,2025-06-26,9.33,9.49,9.3,9.4,9.4,12584
TNZ,2025-06-26,20.5,20.5,19.895,20.31,20.31,98980
TOT,2025-06-26,10.99,10.99,10.81,10.91,10.91,19925
TOU,2025-06-26,64.32,65.1,63.77,64.88,64.88,961527
TOY,2025-06-26,23.37,23.48,23.18,23.23,23.23,80090
TPX-B,2025-06-26,67.25,67.25,67.0,67.0,67.0,357
TPZ,2025-06-26,25.29,25.6,25.15,25.49,25.49,237178
TRI,2025-06-26,269.69,269.69,267.03,268.86,268.86,188717
TRP,2025-06-26,64.51,65.68,64.5,65.41,65.41,18354867
TRX,2025-06-26,0.44,0.46,0.44,0.455,0.455,17200
TRZ,2025-06-26,2.78,2.91,2.75,2.9,2.9,160646
TSAT,2025-06-26,33.63,33.63,32.67,33.15,33.15,5312
TSK,2025-06-26,0.475,0.48,0.4675,0.47,0.47,342275
TSL,2025-06-26,2.49,2.52,2.49,2.5,2.5,35259
TSLA,2025-06-26,29.08,29.59,28.97,29.2,29.2,1131063
TSND,2025-06-26,0.365,0.365,0.35,0.355,0.355,65483
TSU,2025-06-26,43.5,43.5,42.92,43.43,43.43,47115
TTNM,2025-06-26,1.47,1.48,1.45,1.47,1.47,2840
TVA-B,2025-06-26,0.75,0.75,0.75,0.75,0.75,0
TVE,2025-06-26,4.8,4.91,4.76,4.89,4.89,2479996
TVK,2025-06-26,169.43,172.23,168.26,170.26,170.26,49320
TWC,2025-06-26,22.55,22.55,22.55,22.55,22.55,600
TWM,2025-06-26,0.2,0.205,0.2,0.205,0.205,77905
TXG,2025-06-26,43.85,44.26,43.465,44.1,44.1,213212
TXP,2025-06-26,0.365,0.38,0.365,0.365,0.365,10500
U-U,2025-06-26,18.26,18.8,18.07,18.8,18.8,94647
UNC,2025-06-26,134.5,134.75,134.5,134.5,134.5,1700
UNI,2025-06-26,1.3,1.3,1.3,1.3,1.3,5000
URB,2025-06-26,6.39,6.43,6.39,6.43,6.43,19158
URB-A,2025-06-26,6.33,6.48,6.25,6.3,6.3,19547
URC,2025-06-26,3.27,3.42,3.26,3.38,3.38,137685
URE,2025-06-26,1.43,1.45,1.385,1.44,1.44,119639
USA,2025-06-26,1.05,1.14,1.045,1.13,1.13,1054059
VBNK,2025-06-26,15.41,15.7,15.35,15.6,15.6,15056
VCM,2025-06-26,9.13,9.31,9.13,9.14,9.14,1478
VET,2025-06-26,10.1,10.295,10.08,10.24,10.24,720892
VGZ,2025-06-26,1.44,1.44,1.38,1.4,1.4,41700
VHI,2025-06-26,10.73,11.07,10.71,10.99,10.99,121769
VLE,2025-06-26,7.78,7.78,7.42,7.48,7.48,146658
VLN,2025-06-26,13.9,14.3,13.9,14.29,14.29,1900
VNP,2025-06-26,8.6,8.77,8.53,8.77,8.77,163922
VOXR,2025-06-26,4.5,4.54,4.39,4.43,4.43,24748
VQS,2025-06-26,0.21,0.21,0.21,0.21,0.21,0
VRTS,2025-06-26,0.015,0.02,0.015,0.02,0.02,23000
VZLA,2025-06-26,4.06,4.1,4.04,4.05,4.05,456925
WCM-A,2025-06-26,2.1,2.1,2.1,2.1,2.1,0
WCN,2025-06-26,255.5,256.51,253.94,255.6,255.6,401736
WCP,2025-06-26,9.1,9.15,9.02,9.13,9.13,4805719
WDO,2025-06-26,18.79,19.03,18.49,19.01,19.01,613247
WEED,2025-06-26,1.69,1.72,1.66,1.72,1.72,1052745
WEF,2025-06-26,0.39,0.4,0.39,0.4,0.4,1014100
WELL,2025-06-26,3.91,4.05,3.85,4.03,4.03,1320169
WFC,2025-06-26,16.02,16.07,16.01,16.07,16.07,1904
WFG,2025-06-26,101.17,102.47,99.9,101.18,101.18,193700
WGX,2025-06-26,2.57,2.61,2.565,2.58,2.58,558698
WILD,2025-06-26,2.07,2.13,2.07,2.1,2.1,5500
WJX,2025-06-26,22.83,22.83,22.29,22.54,22.54,16010
WLLW,2025-06-26,0.225,0.275,0.225,0.27,0.27,73281
WM,2025-06-26,0.065,0.065,0.06,0.065,0.065,96500
WN,2025-06-26,269.17,271.46,268.0,269.18,269.18,76062
WNDR,2025-06-26,0.345,0.35,0.345,0.35,0.35,2078699
WPK,2025-06-26,44.72,44.72,44.35,44.55,44.55,28031
WPM,2025-06-26,122.59,123.22,121.65,123.11,123.11,660266
WPRT,2025-06-26,4.13,4.19,4.05,4.05,4.05,4375
WRG,2025-06-26,2.12,2.26,2.12,2.26,2.26,2100
WRN,2025-06-26,1.69,1.7,1.65,1.7,1.7,268209
WRX,2025-06-26,0.04,0.04,0.04,0.04,0.04,0
WSP,2025-06-26,274.39,276.49,272.53,274.09,274.09,207161
WTE,2025-06-26,27.15,27.19,26.89,26.97,26.97,63782
X,2025-06-26,56.44,57.18,56.28,56.87,56.87,312034
XAM,2025-06-26,0.07,0.07,0.07,0.07,0.07,17020
XAU,2025-06-26,8.7,8.73,8.7,8.73,8.73,2483
XLY,2025-06-26,0.09,0.095,0.085,0.095,0.095,1289832
XMF-A,2025-06-26,0.55,0.55,0.55,0.55,0.55,0
XTC,2025-06-26,6.71,6.94,6.71,6.91,6.91,5612
XTD,2025-06-26,4.32,4.4,4.32,4.35,4.35,5127
XTG,2025-06-26,2.05,2.05,2.03,2.03,2.03,1205
XTRA,2025-06-26,0.335,0.385,0.335,0.37,0.37,993007
Y,2025-06-26,11.43,11.43,11.35,11.4,11.4,814
YCM,2025-06-26,4.9,4.9,4.9,4.9,4.9,165
YGR,2025-06-26,1.0,1.02,0.99,1.02,1.02,15625
YRB,2025-06-26,0.04,0.04,0.04,0.04,0.04,5000
